{
    "rmse": 3.0823034345259406,
    "mae": 1.5745608219178082,
    "r2": 0.8908809126736068
}